palabras_insertadas,caracteres_insertados,nodos
1,8,1.125000
2,11,1.181818
4,18,1.222222
8,24,1.333333
16,64,1.171875
32,148,1.027027
64,321,0.791277
128,660,0.643939
256,1331,0.566491
512,2631,0.445078
1024,5240,0.324809
2048,10649,0.316931
4096,21348,0.312723
8192,49801,0.326098
16384,92245,0.272362
32768,176047,0.205371
65536,342224,0.154411
131072,682475,0.111143
262144,1342681,0.083659
524288,2676605,0.061748
1048576,5331079,0.045614
2097152,10666905,0.034448
4194304,21369648,0.026567
