palabras_insertadas,caracteres_insertados,nodos
1,1,2.000000
2,4,1.500000
4,12,1.000000
8,38,1.052632
16,66,0.909091
32,148,0.885135
64,292,0.886986
128,579,0.785838
256,1170,0.717949
512,2294,0.646033
1024,4604,0.569722
2048,9126,0.489809
4096,18185,0.402090
8192,36353,0.321404
16384,73015,0.246990
32768,145969,0.183751
65536,290841,0.134111
131072,581097,0.094549
262144,1162547,0.064575
524288,2323928,0.042936
1048576,4645384,0.027813
2097152,9292568,0.017554
4194304,18577970,0.010843
